4588,1,0,2.5,0,0.0
4588,1,0,2.4,0,0.0
4588,1,0,2.24,0,0.0
4588,1,0,2.22,0,0.0
4588,1,0,2.2,0,0.0
4588,1,0,2.04,1,0.08
4588,1,0,1.96,1,0.07
4588,1,0,1.56,1,0.11
4588,1,0,1.5,0,0.0
4588,1,0,1.46,2,0.18
4588,1,0,1.34,0,0.0
4588,1,0,0.0,0,0.0
4588,1,0,0.0,0,0.0
4588,1,0,0.0,0,0.0
4588,1,0,0.0,0,0.0
4588,1,0,0.0,0,0.0
4588,1,0,0.0,0,0.0
4588,1,0,0.0,1,0.17
4588,1,0,0.0,0,0.0
4588,1,0,0.0,1,0.2
4588,1,0,0.0,1,0.12
4588,2,0,2.71,0,0.0
4588,2,0,2.7,0,0.0
4588,2,0,2.68,0,0.0
4588,2,0,2.62,0,0.0
4588,2,0,2.58,0,0.0
4588,2,0,2.58,0,0.0
4588,2,0,2.56,0,0.0
4588,2,0,2.5,0,0.0
4588,2,0,2.38,0,0.0
4588,2,0,2.36,0,0.0
4588,2,0,2.3,0,0.0
4588,2,0,2.28,0,0.0
4588,2,0,2.25,0,0.0
4588,2,0,2.24,0,0.0
4588,2,0,2.24,0,0.0
4588,2,0,2.18,0,0.0
4588,2,0,2.17,0,0.0
4588,2,0,2.16,0,0.0
4588,2,0,2.16,0,0.0
4588,2,0,2.12,0,0.0
4588,2,0,2.1,0,0.0
4588,2,0,2.08,0,0.0
4588,2,0,2.04,0,0.0
4588,2,0,2.02,0,0.0
4588,2,0,2.02,0,0.0
4588,2,0,2.0,0,0.0
4588,2,0,2.0,0,0.0
4588,2,0,2.0,0,0.0
4588,2,0,2.0,0,0.0
4588,2,0,2.0,0,0.0
4588,2,0,2.0,0,0.0
4588,2,0,1.96,0,0.0
4588,2,0,1.94,0,0.0
4588,2,0,1.94,0,0.0
4588,2,0,1.91,0,0.0
4588,2,0,1.9,0,0.0
4588,2,0,1.88,0,0.0
4588,2,0,1.88,0,0.0
4588,2,0,1.88,0,0.0
4588,2,0,1.88,0,0.0
4588,2,0,1.84,0,0.0
4588,2,0,1.84,0,0.0
4588,2,0,1.81,0,0.0
4588,2,0,1.77,0,0.0
4588,2,0,1.75,0,0.0
4588,2,0,1.74,0,0.0
4588,2,0,1.72,0,0.0
4588,2,0,1.72,0,0.0
4588,2,0,1.71,0,0.0
4588,2,0,1.7,0,0.0
4588,2,0,1.68,0,0.0
4588,2,0,1.66,0,0.0
4588,2,0,1.65,0,0.0
4588,2,0,1.62,0,0.0
4588,2,0,1.54,0,0.0
4588,2,0,1.54,0,0.0
4588,2,0,1.49,0,0.0
4588,2,0,1.33,0,0.0
4588,2,0,1.27,0,0.0
4588,2,0,1.0,0,0.0
4588,2,0,0.99,0,0.0
4588,2,0,0.96,0,0.0
4588,2,0,0.94,0,0.0
4588,2,0,0.94,0,0.0
4588,2,0,0.87,0,0.0
4588,2,0,0.85,0,0.0
4588,2,0,0.7,0,0.0
4588,2,0,0.0,0,0.0
4588,2,0,0.0,0,0.0
4588,2,0,0.0,0,0.0
4588,2,0,0.0,0,0.0
4588,2,0,0.0,0,0.0
4588,2,0,0.0,0,0.0
4588,2,0,0.0,0,0.0
4588,2,0,0.0,0,0.0
4588,2,0,0.0,1,0.09
4588,2,0,0.0,0,0.0
4588,2,0,0.0,0,0.0
4588,2,0,0.0,0,0.0
4588,2,0,0.0,0,0.0
4588,2,0,0.0,0,0.0
4588,2,0,0.0,0,0.0
4588,2,0,0.0,0,0.0
4588,2,0,0.0,0,0.0
4588,2,0,0.0,0,0.0
4588,2,0,0.0,0,0.0
4588,2,0,0.0,0,0.0
4588,2,0,0.0,0,0.0
4588,2,0,0.0,0,0.0
4588,2,0,0.0,0,0.0
4588,2,0,0.0,0,0.0
4588,2,0,0.0,0,0.0
4588,2,0,0.0,0,0.0
4588,2,0,0.0,0,0.0
4588,2,0,0.0,0,0.0
4588,2,0,0.0,0,0.0
4588,2,0,0.0,0,0.0
4588,2,0,0.0,0,0.0
4588,2,0,0.0,0,0.0
4588,2,0,0.0,0,0.0
4588,2,0,0.0,0,0.0
4588,2,0,0.0,0,0.0
4588,2,0,0.0,0,0.0
4588,2,0,0.0,0,0.0
4588,2,0,0.0,0,0.0
4588,2,0,0.0,0,0.0
4588,2,0,0.0,0,0.0
4588,2,0,0.0,0,0.0
4588,2,0,0.0,0,0.0
4588,3,0,2.2,0,0.0
4588,3,0,2.0,1,0.08
4588,3,0,1.99,1,0.09
4588,3,0,1.89,0,0.0
4588,3,0,1.84,3,0.25
4588,3,0,1.76,2,0.18
4588,3,0,1.32,2,0.22
4588,3,0,0.66,0,0.0
4588,3,0,0.0,1,0.25
4588,3,0,0.0,1,0.17
4588,3,0,0.0,0,0.0
4588,4,0,2.5,2,0.22
4588,4,0,2.5,2,0.25
4588,4,1,2.04,5,0.38
4588,4,0,1.08,1,0.08
4588,4,0,0.0,0,0.0
4588,4,0,0.0,1,0.17
4588,4,0,0.0,0,0.0
4588,5,0,3.2,2,0.14
4588,5,0,2.74,2,0.25
4588,5,0,2.68,1,0.09
4588,5,0,2.48,2,0.12
4588,5,0,2.35,0,0.0
4588,5,0,2.0,0,0.0
4588,5,0,2.0,0,0.0
4588,5,0,2.0,0,0.0
4588,5,0,1.5,1,0.1
4588,5,0,1.32,2,0.13
4588,5,0,0.0,1,0.14
4588,5,0,0.0,1,0.14
4588,5,0,0.0,3,0.43
4588,6,0,3.26,3,0.38
4588,6,0,2.8,3,0.16
4588,6,0,2.58,1,0.08
4588,6,0,2.5,3,0.25
4588,6,0,2.42,3,0.21
4588,6,0,2.32,2,0.13
4588,6,0,2.28,2,0.14
4588,6,0,2.22,2,0.17
4588,6,0,2.2,1,0.1
4588,6,0,2.0,2,0.2
4588,6,0,1.99,2,0.09
4588,6,0,1.93,2,0.22
4588,6,0,1.86,1,0.04
4588,6,0,1.76,0,0.0
4588,6,0,1.46,2,0.18
4588,6,0,0.9,0,0.0
4588,6,0,0.0,3,0.12
4588,6,0,0.0,1,0.2
4588,6,0,0.0,1,0.33
4588,6,0,0.0,0,0.0
4588,6,0,0.0,0,0.0
4588,6,0,0.0,1,0.2
4588,6,0,0.0,0,0.0
4588,6,0,0.0,0,0.0
4588,6,0,0.0,1,0.5
4588,6,0,0.0,1,0.14
4588,6,0,0.0,0,0.0
4588,6,0,0.0,0,0.0
4588,6,0,0.0,0,0.0
4588,6,0,0.0,0,0.0
4588,6,0,0.0,3,0.43
4588,6,0,0.0,0,0.0
4588,6,0,0.0,0,0.0
4588,6,0,0.0,0,0.0
4588,6,0,0.0,0,0.0
4588,6,0,0.0,2,0.4
4588,6,0,0.0,1,0.17
4588,7,1,3.36,5,0.36
4588,7,1,3.24,5,0.62
4588,7,1,3.15,8,0.5
4588,7,1,3.0,4,0.31
4588,7,1,3.0,3,0.2
4588,7,1,2.84,10,0.36
4588,7,0,2.44,4,0.44
4588,7,0,2.39,2,0.12
4588,7,0,2.0,4,0.44
4588,7,1,1.8,5,0.5
4588,7,1,1.24,5,0.31
4588,7,0,0.0,3,0.5
4588,7,0,0.0,2,0.4
4588,7,1,0.0,2,0.33
4588,7,1,0.0,4,0.57
4588,8,1,3.0,4,0.4
4588,8,1,2.78,3,0.33
4588,8,1,2.62,8,0.62
4588,8,1,2.38,3,0.23
4588,8,0,2.38,2,0.15
4588,8,1,2.32,1,0.08
4588,8,0,2.28,0,0.0
4588,8,0,2.0,0,0.0
4588,8,0,1.81,0,0.0
4588,8,0,1.76,0,0.0
4588,8,0,1.28,2,0.11
4588,8,0,1.1,0,0.0
4588,8,0,0.0,0,0.0
4588,8,0,0.0,0,0.0
4588,8,0,0.0,2,0.17
4588,9,1,3.44,4,0.44
4588,9,1,3.18,3,0.27
4588,9,1,2.14,7,0.5
4588,9,1,2.0,1,0.08
4588,9,1,1.74,1,0.12
4588,9,1,1.42,2,0.14
4588,9,0,0.0,1,0.14
4588,9,0,0.0,0,0.0
4588,9,0,0.0,0,0.0
4588,10,1,3.36,4,0.36
4588,10,0,2.7,2,0.14
4588,10,0,1.4,2,0.2
4588,10,0,1.24,1,0.12
4588,10,1,1.24,1,0.12
4588,10,0,1.18,0,0.0
4588,10,0,0.0,0,0.0
4588,10,0,0.0,1,0.17
4588,10,0,0.0,1,0.2
4588,10,0,0.0,2,0.29
4608,1,0,3.0,4,0.33
4608,1,0,1.82,1,0.08
4608,1,0,1.72,1,0.09
4608,1,0,1.39,1,0.06
4608,1,0,0.0,0,0.0
4608,1,0,0.0,0,0.0
4608,1,0,0.0,0,0.0
4608,1,0,0.0,0,0.0
4608,1,0,0.0,0,0.0
4608,2,0,3.4,6,0.6
4608,2,0,3.3,3,0.3
4608,2,0,2.74,1,0.08
4608,2,0,2.7,1,0.08
4608,2,0,2.68,2,0.15
4608,2,0,2.28,0,0.0
4608,2,0,2.26,2,0.25
4608,2,0,2.06,0,0.0
4608,2,0,1.4,0,0.0
4608,2,0,1.26,3,0.27
4608,2,0,0.0,6,0.5
4608,2,0,0.0,2,0.5
4608,2,0,0.0,1,0.14
4608,3,0,2.76,4,0.5
4608,3,0,2.7,3,0.21
4608,3,0,2.68,4,0.21
4608,3,0,2.66,4,0.33
4608,3,0,2.48,6,0.32
4608,3,0,2.42,2,0.14
4608,3,0,2.08,1,0.08
4608,3,0,1.66,0,0.0
4608,3,0,1.6,1,0.07
4608,3,0,0.0,0,0.0
4608,3,0,0.0,0,0.0
4608,3,0,0.0,0,0.0
4608,3,0,0.0,1,0.14
4608,3,0,0.0,0,0.0
4608,4,0,2.28,0,0.0
4608,4,0,2.12,0,0.0
4608,4,0,2.0,0,0.0
4608,4,0,2.0,2,0.2
4608,4,0,1.9,0,0.0
4608,4,0,1.88,0,0.0
4608,4,0,1.82,0,0.0
4608,4,0,1.24,0,0.0
4608,4,0,0.0,0,0.0
4608,4,0,0.0,0,0.0
4608,4,0,0.0,0,0.0
4608,4,0,0.0,0,0.0
4608,4,0,0.0,0,0.0
4608,4,0,0.0,1,0.33
4608,4,0,0.0,0,0.0
4608,4,0,0.0,0,0.0
4608,4,0,0.0,0,0.0
4608,4,0,0.0,0,0.0
4608,4,0,0.0,0,0.0
4608,5,1,3.5,2,0.25
4608,5,1,3.0,2,0.25
4608,5,1,2.64,3,0.27
4608,5,1,2.64,3,0.27
4608,5,1,2.52,3,0.38
4608,5,1,2.4,1,0.08
4608,5,0,2.24,3,0.2
4608,5,1,2.08,1,0.09
4608,5,0,0.0,1,0.33
4608,5,0,0.0,3,0.43
4608,5,0,0.0,1,0.14
4608,5,0,0.0,1,0.25
4608,5,0,0.0,0,0.0
4608,6,1,3.0,2,0.22
4608,6,1,2.82,1,0.09
4608,6,1,2.14,7,0.5
4608,6,1,2.0,1,0.08
4608,6,0,1.74,1,0.12
4608,6,0,1.42,2,0.14
4608,6,0,0.0,1,0.14
4608,6,0,0.0,1,0.14
4608,6,0,0.0,0,0.0
4608,7,1,3.68,7,0.78
4608,7,0,0.0,0,0.0
4608,7,0,0.0,1,0.25
4608,7,0,0.0,0,0.0
4608,8,0,2.74,10,0.62
4608,8,0,2.5,2,0.17
4608,8,0,2.48,3,0.27
4608,8,0,2.2,3,0.15
4608,8,0,2.12,2,0.1
4608,8,0,1.8,0,0.0
4608,8,0,1.66,0,0.0
4608,8,0,1.1,2,0.15
4608,8,0,0.0,2,0.4
4608,8,0,0.0,1,0.25
4608,8,0,0.0,0,0.0
4608,8,0,0.0,1,0.17
4608,8,0,0.0,1,0.25
4608,9,1,3.85,6,0.6
4608,9,1,3.46,7,0.54
4608,9,1,2.3,5,0.56
4608,9,,2.24,2,0.25
4608,9,1,2.0,6,0.5
4608,9,0,1.42,3,0.25
4608,9,0,0.0,2,0.4
4608,9,0,0.0,0,0.0
4608,9,1,0.0,3,0.27
4608,9,1,0.0,3,0.75
4608,9,0,0.0,2,0.33
4608,9,1,0.0,3,0.75
4608,9,1,0.0,3,0.43
4608,9,0,0.0,1,0.14
4609,1,0,2.9,1,0.1
4609,1,0,2.9,1,0.11
4609,1,0,2.74,1,0.08
4609,1,0,2.74,1,0.12
4609,1,0,2.71,0,0.0
4609,1,0,2.66,1,0.04
4609,1,0,2.62,0,0.0
4609,1,0,2.56,0,0.0
4609,1,0,2.54,1,0.08
4609,1,0,2.48,2,0.12
4609,1,0,2.48,1,0.06
4609,1,0,2.48,1,0.12
4609,1,0,2.42,2,0.15
4609,1,0,2.4,1,0.11
4609,1,0,2.32,1,0.08
4609,1,0,2.3,0,0.0
4609,1,0,2.28,0,0.0
4609,1,0,2.25,0,0.0
4609,1,0,2.22,2,0.1
4609,1,0,2.22,3,0.27
4609,1,0,2.17,0,0.0
4609,1,0,2.16,0,0.0
4609,1,0,2.1,1,0.07
4609,1,0,2.1,0,0.0
4609,1,0,2.08,0,0.0
4609,1,0,2.04,0,0.0
4609,1,0,2.04,1,0.08
4609,1,0,2.02,0,0.0
4609,1,0,2.0,0,0.0
4609,1,0,2.0,0,0.0
4609,1,0,2.0,0,0.0
4609,1,0,2.0,0,0.0
4609,1,0,2.0,0,0.0
4609,1,0,2.0,0,0.0
4609,1,0,1.98,1,0.07
4609,1,0,1.96,3,0.12
4609,1,0,1.94,0,0.0
4609,1,0,1.94,0,0.0
4609,1,0,1.91,0,0.0
4609,1,0,1.9,0,0.0
4609,1,0,1.88,0,0.0
4609,1,0,1.88,1,0.11
4609,1,0,1.88,0,0.0
4609,1,0,1.88,0,0.0
4609,1,0,1.87,1,0.06
4609,1,0,1.84,0,0.0
4609,1,0,1.81,0,0.0
4609,1,0,1.77,0,0.0
4609,1,0,1.75,0,0.0
4609,1,0,1.72,0,0.0
4609,1,0,1.71,0,0.0
4609,1,0,1.7,1,0.08
4609,1,0,1.7,0,0.0
4609,1,0,1.66,1,0.06
4609,1,0,1.65,0,0.0
4609,1,0,1.62,0,0.0
4609,1,0,1.49,0,0.0
4609,1,0,1.39,1,0.06
4609,1,0,1.33,0,0.0
4609,1,0,1.3,2,0.18
4609,1,0,1.23,1,0.12
4609,1,0,1.16,1,0.08
4609,1,0,1.05,1,0.1
4609,1,0,0.96,0,0.0
4609,1,0,0.94,0,0.0
4609,1,0,0.87,0,0.0
4609,1,0,0.7,0,0.0
4609,1,0,0.0,0,0.0
4609,1,0,0.0,0,0.0
4609,1,0,0.0,0,0.0
4609,1,0,0.0,1,0.11
4609,1,0,0.0,0,0.0
4609,1,0,0.0,0,0.0
4609,1,0,0.0,0,0.0
4609,1,0,0.0,0,0.0
4609,1,0,0.0,1,0.09
4609,1,0,0.0,0,0.0
4609,1,0,0.0,0,0.0
4609,1,0,0.0,0,0.0
4609,1,0,0.0,0,0.0
4609,1,0,0.0,0,0.0
4609,1,0,0.0,0,0.0
4609,1,0,0.0,0,0.0
4609,1,0,0.0,0,0.0
4609,1,0,0.0,0,0.0
4609,1,0,0.0,0,0.0
4609,1,0,0.0,0,0.0
4609,1,0,0.0,0,0.0
4609,1,0,0.0,0,0.0
4609,1,0,0.0,0,0.0
4609,1,0,0.0,0,0.0
4609,1,0,0.0,0,0.0
4609,1,0,0.0,0,0.0
4609,1,0,0.0,0,0.0
4609,1,0,0.0,0,0.0
4609,1,0,0.0,0,0.0
4609,1,0,0.0,0,0.0
4609,1,0,0.0,1,0.14
4609,1,0,0.0,0,0.0
4609,1,0,0.0,0,0.0
4609,1,0,0.0,0,0.0
4609,1,0,0.0,0,0.0
4609,1,0,0.0,0,0.0
4609,1,0,0.0,0,0.0
4609,1,0,0.0,0,0.0
4609,1,0,0.0,0,0.0
4609,1,0,0.0,0,0.0
4609,1,0,0.0,0,0.0
4609,1,0,0.0,0,0.0
4609,2,0,2.5,1,0.06
4609,2,0,2.28,0,0.0
4609,2,0,2.24,1,0.12
4609,2,0,2.0,0,0.0
4609,2,0,1.93,0,0.0
4609,2,0,1.85,0,0.0
4609,2,0,0.0,1,0.17
4609,2,0,0.0,0,0.0
4609,2,0,0.0,0,0.0
4609,2,0,0.0,0,0.0
4609,3,0,2.68,1,0.05
4609,3,0,2.6,1,0.1
4609,3,0,2.48,1,0.07
4609,3,0,2.44,0,0.0
4609,3,0,2.34,0,0.0
4609,3,0,2.34,0,0.0
4609,3,0,2.33,1,0.04
4609,3,0,2.24,1,0.07
4609,3,0,2.23,0,0.0
4609,3,0,2.2,1,0.1
4609,3,0,2.0,0,0.0
4609,3,0,1.99,0,0.0
4609,3,0,1.46,0,0.0
4609,3,0,1.24,0,0.0
4609,3,0,0.0,0,0.0
4609,3,0,0.0,1,0.2
4609,3,0,0.0,0,0.0
4609,3,0,0.0,0,0.0
4609,3,0,0.0,0,0.0
4609,3,0,0.0,0,0.0
4609,3,0,0.0,0,0.0
4609,3,0,0.0,0,0.0
4609,3,0,0.0,0,0.0
4609,3,0,0.0,0,0.0
4609,3,0,0.0,0,0.0
4609,3,0,0.0,0,0.0
4609,3,0,0.0,0,0.0
4609,3,0,0.0,0,0.0
4609,3,0,0.0,0,0.0
4609,4,0,2.36,0,0.0
4609,4,0,2.23,0,0.0
4609,4,0,2.18,0,0.0
4609,4,0,2.12,0,0.0
4609,4,0,2.11,0,0.0
4609,4,0,2.06,0,0.0
4609,4,0,2.03,0,0.0
4609,4,0,2.0,0,0.0
4609,4,0,1.99,0,0.0
4609,4,0,1.82,0,0.0
4609,4,0,1.74,0,0.0
4609,4,0,1.34,0,0.0
4609,4,0,1.18,0,0.0
4609,4,0,1.04,0,0.0
4609,4,0,0.85,0,0.0
4609,4,0,0.0,0,0.0
4609,4,0,0.0,0,0.0
4609,4,0,0.0,1,0.04
4609,4,0,0.0,0,0.0
4609,4,0,0.0,0,0.0
4609,4,0,0.0,0,0.0
4609,4,0,0.0,0,0.0
4609,4,0,0.0,0,0.0
4609,4,0,0.0,0,0.0
4609,4,0,0.0,0,0.0
4609,4,0,0.0,0,0.0
4609,5,0,3.22,4,0.29
4609,5,0,3.0,3,0.2
4609,5,0,2.5,2,0.25
4609,5,0,2.4,4,0.14
4609,5,0,2.39,2,0.12
4609,5,0,2.39,2,0.12
4609,5,0,2.38,0,0.0
4609,5,0,2.0,2,0.22
4609,5,0,1.6,4,0.4
4609,5,0,1.56,2,0.22
4609,5,0,1.0,3,0.19
4609,5,0,0.0,1,0.17
4609,5,0,0.0,1,0.2
4609,5,0,0.0,2,0.33
4609,5,0,0.0,2,0.29
4609,6,0,2.56,3,0.2
4609,6,0,2.5,3,0.25
4609,6,0,2.26,3,0.16
4609,6,0,2.16,2,0.22
4609,6,0,2.1,3,0.12
4609,6,0,0.0,1,0.17
4609,6,0,0.0,2,0.4
4609,6,0,0.0,0,0.0
4609,6,0,0.0,3,0.5
4609,7,0,2.78,1,0.11
4609,7,0,2.44,1,0.08
4609,7,0,2.42,1,0.07
4609,7,0,2.4,1,0.08
4609,7,0,2.24,2,0.1
4609,7,0,2.03,1,0.06
4609,7,0,1.66,3,0.18
4609,7,0,1.36,2,0.12
4609,7,0,1.16,1,0.08
4609,7,0,0.0,0,0.0
4609,7,0,0.0,0,0.0
4609,7,0,0.0,0,0.0
4609,7,0,0.0,1,0.1
4609,7,0,0.0,0,0.0
4609,7,0,0.0,1,0.17
4609,7,0,0.0,1,0.33
4609,7,0,0.0,1,0.2
4609,7,0,0.0,0,0.0
4609,7,0,0.0,0,0.0
4609,7,0,0.0,1,0.09
4609,7,0,0.0,0,0.0
4609,7,0,0.0,0,0.0
4609,7,0,0.0,1,0.08
4609,7,0,0.0,1,0.14
4609,7,0,0.0,0,0.0
4609,8,0,2.31,5,0.29
4609,8,0,2.04,2,0.15
4609,8,0,2.0,1,0.08
4609,8,0,1.5,2,0.13
4609,8,0,0.0,3,0.5
4609,8,0,0.0,1,0.17
4609,8,0,0.0,1,0.17
4609,8,0,0.0,1,0.25
4609,8,0,0.0,0,0.0
4609,9,1,3.76,3,0.38
4609,9,1,3.74,5,0.62
4609,9,1,2.64,3,0.27
4609,9,1,2.64,3,0.27
4609,9,1,2.54,2,0.15
4609,9,0,2.26,2,0.18
4609,9,0,2.26,2,0.25
4609,9,0,1.98,1,0.07
4609,9,0,0.0,0,0.0
4609,9,0,0.0,2,0.29
4609,9,0,0.0,4,0.57
4609,9,0,0.0,1,0.25
4609,9,0,0.0,0,0.0
4609,10,0,3.0,2,0.22
4609,10,0,2.82,1,0.09
4609,10,0,2.0,1,0.08
4609,10,0,1.74,1,0.12
4609,10,0,1.42,2,0.14
4609,10,0,1.42,2,0.14
4609,10,0,0.0,1,0.14
4609,10,0,0.0,0,0.0
4609,10,0,0.0,0,0.0
4618,1,0,2.74,1,0.12
4618,1,0,2.58,1,0.05
4618,1,0,2.42,0,0.0
4618,1,0,2.22,2,0.17
4618,1,0,2.16,1,0.08
4618,1,0,2.06,0,0.0
4618,1,0,2.0,0,0.0
4618,1,0,2.0,0,0.0
4618,1,0,2.0,0,0.0
4618,1,0,2.0,1,0.12
4618,1,0,1.94,2,0.08
4618,1,0,1.93,2,0.22
4618,1,0,1.91,1,0.05
4618,1,0,1.8,1,0.1
4618,1,0,1.28,1,0.09
4618,1,0,0.9,0,0.0
4618,1,0,0.0,2,0.08
4618,1,0,0.0,1,0.2
4618,1,0,0.0,1,0.33
4618,1,0,0.0,0,0.0
4618,1,0,0.0,0,0.0
4618,1,0,0.0,1,0.2
4618,1,0,0.0,1,0.33
4618,1,0,0.0,0,0.0
4618,1,0,0.0,1,0.5
4618,1,0,0.0,0,0.0
4618,1,0,0.0,0,0.0
4618,1,0,0.0,0,0.0
4618,1,0,0.0,0,0.0
4618,1,0,0.0,0,0.0
4618,1,0,0.0,1,0.14
4618,1,0,0.0,0,0.0
4618,1,0,0.0,1,0.17
4618,1,0,0.0,0,0.0
4618,1,0,0.0,0,0.0
4618,1,0,0.0,1,0.2
4618,1,0,0.0,0,0.0
4618,2,0,2.88,0,0.0
4618,2,0,2.42,1,0.06
4618,2,0,2.34,0,0.0
4618,2,0,2.34,0,0.0
4618,2,0,2.2,0,0.0
4618,2,0,1.9,0,0.0
4618,2,0,1.86,0,0.0
4618,2,0,1.8,0,0.0
4618,2,0,1.76,0,0.0
4618,2,0,1.72,1,0.06
4618,2,0,0.6,0,0.0
4618,2,0,0.0,0,0.0
4618,2,0,0.0,0,0.0
4618,2,0,0.0,0,0.0
4618,2,0,0.0,1,0.05
4618,3,0,3.0,2,0.22
4618,3,0,2.9,1,0.1
4618,3,0,2.74,1,0.08
4618,3,0,2.72,1,0.05
4618,3,0,2.71,0,0.0
4618,3,0,2.68,0,0.0
4618,3,0,2.58,0,0.0
4618,3,0,2.5,1,0.1
4618,3,0,2.5,0,0.0
4618,3,0,2.48,1,0.06
4618,3,0,2.4,1,0.11
4618,3,0,2.38,0,0.0
4618,3,0,2.32,1,0.08
4618,3,0,2.28,0,0.0
4618,3,0,2.25,0,0.0
4618,3,0,2.24,0,0.0
4618,3,0,2.24,0,0.0
4618,3,0,2.2,2,0.1
4618,3,0,2.2,2,0.13
4618,3,0,2.2,1,0.1
4618,3,0,2.17,0,0.0
4618,3,0,2.16,1,0.07
4618,3,0,2.16,1,0.08
4618,3,0,2.16,0,0.0
4618,3,0,2.12,0,0.0
4618,3,0,2.1,0,0.0
4618,3,0,2.1,1,0.1
4618,3,0,2.08,0,0.0
4618,3,0,2.05,2,0.2
4618,3,0,2.04,0,0.0
4618,3,0,2.04,1,0.08
4618,3,0,2.04,2,0.18
4618,3,0,2.02,0,0.0
4618,3,0,2.0,1,0.08
4618,3,0,2.0,0,0.0
4618,3,0,2.0,0,0.0
4618,3,0,2.0,0,0.0
4618,3,0,1.98,2,0.12
4618,3,0,1.98,1,0.07
4618,3,0,1.96,0,0.0
4618,3,0,1.94,0,0.0
4618,3,0,1.91,0,0.0
4618,3,0,1.88,0,0.0
4618,3,0,1.88,2,0.17
4618,3,0,1.88,1,0.11
4618,3,0,1.88,0,0.0
4618,3,0,1.88,0,0.0
4618,3,0,1.81,1,0.05
4618,3,0,1.81,0,0.0
4618,3,0,1.81,1,0.04
4618,3,0,1.77,0,0.0
4618,3,0,1.75,0,0.0
4618,3,0,1.72,0,0.0
4618,3,0,1.7,0,0.0
4618,3,0,1.66,1,0.06
4618,3,0,1.62,0,0.0
4618,3,0,1.51,2,0.12
4618,3,0,1.49,0,0.0
4618,3,0,1.33,0,0.0
4618,3,0,1.23,1,0.12
4618,3,0,1.12,1,0.09
4618,3,0,1.12,1,0.08
4618,3,0,1.05,1,0.1
4618,3,0,1.0,0,0.0
4618,3,0,0.94,0,0.0
4618,3,0,0.87,0,0.0
4618,3,0,0.7,0,0.0
4618,3,0,0.0,0,0.0
4618,3,0,0.0,0,0.0
4618,3,0,0.0,0,0.0
4618,3,0,0.0,0,0.0
4618,3,0,0.0,0,0.0
4618,3,0,0.0,0,0.0
4618,3,0,0.0,0,0.0
4618,3,0,0.0,0,0.0
4618,3,0,0.0,1,0.09
4618,3,0,0.0,1,0.06
4618,3,0,0.0,0,0.0
4618,3,0,0.0,0,0.0
4618,3,0,0.0,0,0.0
4618,3,0,0.0,0,0.0
4618,3,0,0.0,0,0.0
4618,3,0,0.0,0,0.0
4618,3,0,0.0,0,0.0
4618,3,0,0.0,0,0.0
4618,3,0,0.0,0,0.0
4618,3,0,0.0,0,0.0
4618,3,0,0.0,0,0.0
4618,3,0,0.0,0,0.0
4618,3,0,0.0,0,0.0
4618,3,0,0.0,0,0.0
4618,3,0,0.0,0,0.0
4618,3,0,0.0,0,0.0
4618,3,0,0.0,0,0.0
4618,3,0,0.0,0,0.0
4618,3,0,0.0,0,0.0
4618,3,0,0.0,0,0.0
4618,3,0,0.0,1,0.14
4618,3,0,0.0,0,0.0
4618,3,0,0.0,0,0.0
4618,3,0,0.0,0,0.0
4618,3,0,0.0,0,0.0
4618,3,0,0.0,0,0.0
4618,3,0,0.0,0,0.0
4618,3,0,0.0,0,0.0
4618,3,0,0.0,0,0.0
4618,3,0,0.0,0,0.0
4618,3,0,0.0,0,0.0
4618,3,0,0.0,0,0.0
4618,4,1,2.68,2,0.17
4618,4,0,2.38,0,0.0
4618,4,0,2.16,0,0.0
4618,4,0,2.12,1,0.08
4618,4,0,2.12,0,0.0
4618,4,0,2.0,0,0.0
4618,4,0,1.96,1,0.08
4618,4,0,1.94,0,0.0
4618,4,0,1.93,0,0.0
4618,4,0,1.58,0,0.0
4618,4,0,1.56,0,0.0
4618,4,0,1.38,0,0.0
4618,4,0,1.34,0,0.0
4618,4,0,1.2,0,0.0
4618,4,0,1.14,0,0.0
4618,4,0,1.0,0,0.0
4618,4,0,0.0,0,0.0
4618,5,0,2.56,2,0.14
4618,5,0,2.5,2,0.15
4618,5,0,2.4,2,0.2
4618,5,1,2.34,3,0.2
4618,5,1,2.34,2,0.17
4618,5,0,2.34,0,0.0
4618,5,0,2.24,1,0.12
4618,5,0,2.24,0,0.0
4618,5,0,2.22,2,0.11
4618,5,0,2.06,2,0.12
4618,5,0,1.99,0,0.0
4618,5,0,1.8,1,0.1
4618,5,0,1.5,2,0.17
4618,5,0,1.34,1,0.11
4618,5,0,1.0,1,0.1
4618,5,0,1.0,0,0.0
4618,5,0,0.84,0,0.0
4618,5,0,0.5,0,0.0
4618,5,0,0.0,0,0.0
4618,5,0,0.0,0,0.0
4618,5,0,0.0,0,0.0
4618,5,0,0.0,1,0.07
4618,5,0,0.0,1,0.17
4618,5,0,0.0,1,0.12
4618,5,0,0.0,0,0.0
4618,6,0,3.72,4,0.44
4618,6,0,2.96,1,0.09
4618,6,0,2.74,0,0.0
4618,6,0,2.64,0,0.0
4618,6,0,2.46,1,0.05
4618,6,0,2.32,2,0.25
4618,6,0,1.8,1,0.1
4618,6,0,1.0,0,0.0
4618,6,0,0.0,0,0.0
4618,6,0,0.0,0,0.0
4618,6,0,0.0,0,0.0
4618,6,0,0.0,0,0.0
4618,6,0,0.0,1,0.25
4618,6,0,0.0,0,0.0
4618,6,0,0.0,0,0.0
4618,6,0,0.0,0,0.0
4618,6,0,0.0,1,0.2
4618,7,0,2.6,1,0.1
4618,7,0,2.47,3,0.09
4618,7,0,2.3,0,0.0
4618,7,0,2.16,0,0.0
4618,7,0,1.96,0,0.0
4618,7,0,1.83,0,0.0
4618,7,0,1.79,0,0.0
4618,7,0,1.15,0,0.0
4618,7,0,0.99,0,0.0
4618,7,0,0.0,0,0.0
4618,7,0,0.0,0,0.0
4618,7,0,0.0,0,0.0
4618,7,0,0.0,0,0.0
4618,7,0,0.0,0,0.0
4618,7,0,0.0,0,0.0
4618,7,0,0.0,0,0.0
4618,7,0,0.0,0,0.0
4618,7,0,0.0,0,0.0
4618,7,0,0.0,0,0.0
4618,7,0,0.0,0,0.0
4618,7,0,0.0,0,0.0
4618,8,0,2.35,3,0.27
4618,8,0,2.2,0,0.0
4618,8,0,2.18,2,0.17
4618,8,0,2.18,2,0.14
4618,8,0,1.84,3,0.25
4618,8,0,1.76,2,0.18
4618,8,0,1.54,3,0.33
4618,8,0,0.66,0,0.0
4618,8,0,0.0,2,0.5
4618,8,0,0.0,1,0.17
4618,8,0,0.0,2,0.25
4618,9,1,0.0,2,0.29
4618,9,0,0.0,3,0.43
4618,9,0,0.0,1,0.33
4623,1,0,2.51,2,0.12
4623,1,0,2.42,2,0.12
4623,1,0,2.26,2,0.18
4623,1,0,2.2,1,0.1
4623,1,0,2.16,1,0.08
4623,1,0,2.06,1,0.06
4623,1,0,2.04,1,0.07
4623,1,0,2.0,1,0.08
4623,1,0,2.0,1,0.07
4623,1,0,1.8,1,0.12
4623,1,0,1.06,1,0.06
4623,1,0,0.0,0,0.0
4623,1,0,0.0,1,0.14
4623,1,0,0.0,0,0.0
4623,1,0,0.0,0,0.0
4623,2,0,2.42,3,0.23
4623,2,0,2.32,2,0.13
4623,2,0,2.32,1,0.08
4623,2,0,2.2,3,0.2
4623,2,0,2.1,0,0.0
4623,2,0,1.72,2,0.18
4623,2,0,0.0,1,0.25
4623,2,0,0.0,1,0.11
4623,2,0,0.0,2,0.15
4623,2,0,0.0,1,0.14
4623,2,0,0.0,1,0.2
4623,2,0,0.0,1,0.25
4623,3,0,2.88,0,0.0
4623,3,0,2.74,1,0.12
4623,3,0,2.1,1,0.1
4623,3,0,2.1,1,0.11
4623,3,0,1.72,1,0.09
4623,3,0,1.0,1,0.08
4623,3,0,0.8,0,0.0
4623,3,0,0.0,1,0.2
4623,3,0,0.0,0,0.0
4623,4,1,3.16,6,0.5
4623,4,0,2.4,1,0.1
4623,4,0,2.1,2,0.13
4623,4,0,2.06,1,0.06
4623,4,0,2.05,1,0.1
4623,4,1,2.0,4,0.36
4623,4,0,0.0,1,0.17
4623,4,0,0.0,3,0.23
4623,5,1,3.6,6,0.6
4623,5,0,2.8,2,0.25
4623,5,0,2.48,2,0.12
4623,5,0,1.06,0,0.0
4623,5,0,0.0,5,0.83
4623,6,0,3.14,0,0.0
4623,6,0,2.34,0,0.0
4623,6,0,1.74,0,0.0
4623,6,0,1.72,0,0.0
4623,6,0,1.6,0,0.0
4623,6,0,1.58,1,0.08
4623,6,0,1.56,1,0.11
4623,6,0,1.12,0,0.0
4623,6,0,0.0,0,0.0
4623,6,0,0.0,0,0.0
4623,6,0,0.0,2,0.29
4623,6,0,0.0,4,0.57
4623,7,0,2.82,1,0.09
4623,7,0,2.44,3,0.27
4623,7,0,2.36,0,0.0
4623,7,0,2.32,2,0.22
4623,7,0,2.3,0,0.0
4623,7,0,2.18,2,0.14
4623,7,0,1.9,0,0.0
4623,7,0,1.89,0,0.0
4623,7,0,1.88,0,0.0
4623,7,0,1.8,0,0.0
4623,7,0,1.72,0,0.0
4623,7,0,1.54,0,0.0
4623,7,0,1.5,0,0.0
4623,7,0,1.45,0,0.0
4623,7,0,0.92,1,0.08
4623,7,0,0.0,0,0.0
4623,7,0,0.0,0,0.0
4623,7,0,0.0,1,0.04
4623,8,1,3.4,4,0.4
4623,8,0,2.74,3,0.2
4623,8,0,2.66,3,0.25
4623,8,0,2.5,2,0.25
4623,8,0,2.18,5,0.42
4623,8,0,1.94,1,0.09
4623,8,0,1.8,0,0.0
4623,8,0,0.9,0,0.0
4623,8,0,0.72,0,0.0
4623,8,0,0.0,2,0.67
4623,8,0,0.0,1,0.17
4623,8,,0.0,2,0.5
4623,8,1,0.0,6,0.5
4623,8,0,0.0,4,0.67
4623,8,0,0.0,0,0.0
4623,8,0,0.0,1,0.14
4623,8,0,0.0,2,1.0
4623,9,1,4.01,11,0.65
4623,9,1,3.54,6,0.43
4623,9,0,3.24,4,0.27
4623,9,1,3.1,4,0.4
4623,9,0,2.88,4,0.25
4623,9,0,2.86,4,0.31
4623,9,0,2.74,4,0.27
4623,9,0,2.5,2,0.25
4623,9,0,0.0,0,0.0
4623,10,0,3.5,4,0.33
4623,10,1,2.67,6,0.38
4623,10,0,2.56,1,0.11
4623,10,0,2.56,2,0.22
4623,10,0,2.44,3,0.12
4623,10,0,2.06,2,0.13
4623,10,1,1.92,8,0.4
4623,10,0,1.8,1,0.05
4623,10,0,0.0,2,0.09
4623,10,0,0.0,3,0.43
4623,10,0,0.0,1,0.2
